Task ID,Date,Customer ID,Please select a reason why no sale took place:
23575869,8/8/2023,27875102,Order Refused
23575881,8/8/2023,27871933,Order Refused
23575887,8/8/2023,27871670,Order Refused
23575929,8/8/2023,27871747,Order Refused
23575966,8/8/2023,27875801,Order Refused
23608781,8/8/2023,4248,No Order Needed
23608799,8/8/2023,22369,No Order Needed
23608802,8/8/2023,278517,Order Refused
23608803,8/8/2023,27867756,Needs Rerouting
23608809,8/8/2023,27875703,Needs Rerouting
23608811,8/8/2023,27871143,Scanner Down
23608815,8/8/2023,27864783,Mgmt Unavailable
23608853,8/8/2023,27873444,Mgmt Unavailable
23608868,8/8/2023,277952,Needs Rerouting
23608869,8/8/2023,21856,Order Refused
23608879,8/8/2023,663,No Order Needed
23608892,8/8/2023,22297,Insufficient Funds
23608908,8/8/2023,27875517,Order Refused
23608910,8/8/2023,8881,Needs Rerouting
23608912,8/8/2023,8292,Order Refused
23608917,8/8/2023,9798,No Order Needed
23608920,8/8/2023,27872187,Order Refused
23608924,8/8/2023,19433,No Order Needed
23608935,8/8/2023,27873782,Order Refused
23608952,8/8/2023,27868056,Insufficient Funds
23608984,8/8/2023,26358,Needs Rerouting
23608997,8/10/2023,27871568,Insufficient Funds
23609020,8/8/2023,9609,No Order Needed
23609037,8/8/2023,4629,No Order Needed
23609042,8/8/2023,7228,No Order Needed
23609048,8/8/2023,19409,Order Refused
23609079,8/8/2023,19169,Insufficient Funds
23609082,8/8/2023,27873166,Mgmt Unavailable
23609087,8/8/2023,27875947,No Order Needed
23609088,8/8/2023,27875008,No Order Needed
23609101,8/8/2023,23417,No Order Needed
23609122,8/8/2023,27863513,Order Refused
23609140,8/8/2023,27875574,Order Refused
23609143,8/8/2023,27872282,Order Refused
23609150,8/8/2023,27865393,Order Refused
23609157,8/8/2023,7301,No Order Needed
23609164,8/8/2023,27876183,Needs Rerouting
23609175,8/8/2023,27872486,Out of Business
23609190,8/8/2023,27876004,Temporarily Closed
23609220,8/8/2023,27870021,Order Refused
23609225,8/8/2023,27864027,Insufficient Funds
23609238,8/8/2023,14095,Temporarily Closed
23609243,8/8/2023,8531,No Order Needed
23609254,8/8/2023,27864812,Order Refused
23609272,8/8/2023,11155,No Order Needed
23609347,8/8/2023,19419,Scanner Down
23609359,8/8/2023,27873853,Order Refused
23609364,8/8/2023,8818,Order Refused
23609388,8/8/2023,23988,No Order Needed
23609407,8/8/2023,27873931,Order Refused
23609427,8/8/2023,27864455,Temporarily Closed
23609438,8/8/2023,9736,No Order Needed
23609441,8/8/2023,27864562,No Order Needed
23609452,8/8/2023,9885,Order Refused
23609460,8/8/2023,9934,Order Refused
23609467,8/8/2023,4251,Scanner Down
23609469,8/8/2023,3841,Temporarily Closed
23609473,8/8/2023,4056,No Order Needed
23609475,8/8/2023,27865079,Order Refused
23609476,8/8/2023,27873120,No Order Needed
23609482,8/8/2023,7524,Scanner Down
23609489,8/8/2023,27874183,No Order Needed
23609495,8/8/2023,19154,Mgmt Unavailable
23609514,8/8/2023,27875807,No Order Needed
23609516,8/8/2023,25655,No Order Needed
23609536,8/8/2023,27873193,No Order Needed
23609538,8/8/2023,9400,No Order Needed
23609545,8/8/2023,9212,No Order Needed
23609562,8/8/2023,1904,Order Refused
23609566,8/8/2023,4885,Order Refused
23609569,8/8/2023,4890,No Order Needed
23609594,8/8/2023,319,Mgmt Unavailable
23609604,8/8/2023,27863255,No Order Needed
23609608,8/8/2023,27869590,No Order Needed
23609611,8/8/2023,1169,No Order Needed
23609612,8/8/2023,3673,No Order Needed
23609645,8/8/2023,502,Order Refused
23609646,8/8/2023,27876257,Order Refused
23609677,8/8/2023,27875872,No Order Needed
23609686,8/8/2023,9377,No Order Needed
23609717,8/8/2023,27870390,No Order Needed
23617432,8/8/2023,7420,No Order Needed
23617433,8/8/2023,27873578,No Order Needed
23617434,8/8/2023,7936,No Order Needed
23617435,8/8/2023,6934,No Order Needed
23617436,8/8/2023,27873583,No Order Needed
23617438,8/8/2023,27869757,No Order Needed
23617439,8/8/2023,27873536,No Order Needed
23617440,8/8/2023,27873561,No Order Needed
23617441,8/8/2023,27864926,No Order Needed
23617442,8/8/2023,27873566,No Order Needed
23617474,8/8/2023,18195,No Order Needed
23617499,8/8/2023,27863681,No Order Needed
23617514,8/8/2023,24736,Order Refused
23617529,8/8/2023,12221,Order Refused
23617550,8/8/2023,18673,No Order Needed
23617552,8/8/2023,15032,No Order Needed
23617586,8/8/2023,7557,Temporarily Closed
23617587,8/8/2023,27864966,Order Refused
23617588,8/8/2023,27865296,Order Refused
23617592,8/8/2023,278012,Order Refused
23617596,8/8/2023,27874320,Temporarily Closed
23617598,8/8/2023,27875552,Order Refused
23617646,8/8/2023,27876073,Mgmt Unavailable
23617650,8/8/2023,27875207,Mgmt Unavailable
23617722,8/8/2023,28004,Order Refused
23617726,8/8/2023,23429,Order Refused
23617729,8/8/2023,27872059,Order Refused
23617731,8/8/2023,6994,Order Refused
23617736,8/8/2023,27873125,Mgmt Unavailable
23617737,8/8/2023,27873257,Mgmt Unavailable
23617739,8/8/2023,27872890,No Order Needed
23617793,8/8/2023,27867203,Insufficient Funds
23617796,8/8/2023,7286,Scanner Down
23617805,8/8/2023,27874771,No Order Needed
23617819,8/8/2023,27875838,Mgmt Unavailable
23617822,8/8/2023,27874696,No Order Needed
23617849,8/8/2023,10155,Order Refused
23617858,8/8/2023,23356,Order Refused
23617874,8/8/2023,27875868,No Order Needed
23617901,8/8/2023,12672,Order Refused
23617912,8/8/2023,17772,Order Refused
23617978,8/8/2023,24292,Insufficient Funds
23617993,8/8/2023,16091,No Order Needed
23617995,8/8/2023,3564,Order Refused
23617997,8/8/2023,27876229,Scanner Down
23618041,8/8/2023,7851,No Order Needed
23618044,8/8/2023,27865244,No Order Needed
23618045,8/8/2023,7928,No Order Needed
23618090,8/8/2023,14910,Order Refused
23618092,8/8/2023,25921,Order Refused
23618097,8/8/2023,27529,No Order Needed
23618102,8/8/2023,277920,No Order Needed
23618103,8/8/2023,27872620,No Order Needed
23618112,8/8/2023,27611,Order Refused
23618113,8/8/2023,23696,Order Refused
23618116,8/8/2023,27873421,Order Refused
23618122,8/8/2023,26190,Insufficient Funds
23618133,8/8/2023,19137,No Order Needed
23618135,8/8/2023,19403,Scanner Down
23618146,8/8/2023,20941,Order Refused
23618150,8/8/2023,14491,Order Refused
23618153,8/8/2023,27870970,Order Refused
23618161,8/8/2023,18892,Order Refused
23618179,8/8/2023,27870454,No Order Needed
23618248,8/8/2023,1428,No Order Needed
23618252,8/8/2023,27868721,No Order Needed
23618257,8/8/2023,278170,No Order Needed
23618260,8/8/2023,27873602,No Order Needed
23618271,8/8/2023,27873738,No Order Needed
23618283,8/8/2023,27873427,Order Refused
23618284,8/8/2023,20172,Order Refused
23618286,8/8/2023,27863861,Order Refused
23624217,8/8/2023,27874431,Order Refused
23624240,8/8/2023,27873485,No Order Needed
23624246,8/8/2023,27876138,No Order Needed
23624252,8/8/2023,27873392,No Order Needed
23624303,8/8/2023,8067,Mgmt Unavailable
23624317,8/8/2023,26703,Temporarily Closed
23624333,8/8/2023,27873104,No Order Needed
23624372,8/8/2023,27863537,No Order Needed
23624380,8/8/2023,278696,Order Refused
23624418,8/8/2023,24463,Mgmt Unavailable
23624419,8/8/2023,27872266,No Order Needed
23624448,8/8/2023,27875488,Order Refused
23624449,8/8/2023,16733,Order Refused
23634201,8/9/2023,27874069,No Order Needed
23634203,8/9/2023,27864158,No Order Needed
23634204,8/9/2023,27869943,No Order Needed
23634235,8/9/2023,27875894,No Order Needed
23634239,8/9/2023,27875902,No Order Needed
23634266,8/9/2023,27876114,Order Refused
23634277,8/9/2023,27863849,Order Refused
23634283,8/9/2023,22401,Insufficient Funds
23634285,8/9/2023,26438,Scanner Down
23634300,8/9/2023,27874587,Temporarily Closed
23634304,8/9/2023,9923,Order Refused
23634306,8/9/2023,8519,Order Refused
23634318,8/9/2023,27868781,Mgmt Unavailable
23634319,8/9/2023,9134,Mgmt Unavailable
23634327,8/9/2023,27873270,Order Refused
23634344,8/9/2023,27875043,Mgmt Unavailable
23634376,8/9/2023,26357,No Order Needed
23634378,8/9/2023,27875726,Order Refused
23634380,8/9/2023,23362,Insufficient Funds
23634382,8/9/2023,26356,Needs Rerouting
23634398,8/9/2023,278405,Order Refused
23634410,8/9/2023,278575,Order Refused
23634450,8/9/2023,9828,No Order Needed
23634471,8/9/2023,27371,No Order Needed
23634486,8/9/2023,19374,Needs Rerouting
23634490,8/9/2023,27873994,Needs Rerouting
23634492,8/9/2023,27869644,Order Refused
23634498,8/9/2023,27871045,No Order Needed
23634505,8/9/2023,16766,Order Refused
23634507,8/9/2023,27867296,Scanner Down
23634508,8/9/2023,27873841,No Order Needed
23634516,8/9/2023,27872275,Temporarily Closed
23634518,8/9/2023,27872277,Temporarily Closed
23634519,8/9/2023,27872276,Temporarily Closed
23634520,8/9/2023,27872274,Temporarily Closed
23634538,8/9/2023,27874650,Order Refused
23634577,8/9/2023,27863969,No Order Needed
23634601,8/9/2023,8991,Order Refused
23634623,8/9/2023,27874184,No Order Needed
23634654,8/9/2023,27875941,Temporarily Closed
23634662,8/9/2023,22784,No Order Needed
23634666,8/9/2023,26314,No Order Needed
23634683,8/9/2023,11872,Needs Rerouting
23634687,8/9/2023,19383,No Order Needed
23634689,8/9/2023,19141,No Order Needed
23634726,8/9/2023,27863454,Temporarily Closed
23634727,8/9/2023,20004,Temporarily Closed
23634730,8/9/2023,26407,Scanner Down
23634731,8/9/2023,27872636,No Order Needed
23634740,8/9/2023,27876211,Temporarily Closed
23634743,8/9/2023,27875925,Order Refused
23634748,8/9/2023,27876047,Order Refused
23634774,8/9/2023,26704,No Order Needed
23634830,8/9/2023,27873345,Order Refused
23634833,8/9/2023,27864601,Order Refused
23634835,8/9/2023,8909,Order Refused
23634837,8/9/2023,19428,Order Refused
23634841,8/9/2023,27875442,Order Refused
23634843,8/9/2023,27874824,Order Refused
23634845,8/9/2023,27876001,Order Refused
23634846,8/9/2023,27876101,Order Refused
23634857,8/9/2023,5062,No Order Needed
23634863,8/9/2023,27875963,No Order Needed
23634866,8/9/2023,27876156,No Order Needed
23634868,8/9/2023,27872872,Order Refused
23634878,8/9/2023,27874186,No Order Needed
23634880,8/9/2023,27870635,No Order Needed
23634882,8/9/2023,19476,No Order Needed
23634883,8/9/2023,27870011,No Order Needed
23634921,8/9/2023,27876092,No Order Needed
23634926,8/9/2023,27875099,No Order Needed
23634928,8/9/2023,27863405,Scanner Down
23634931,8/9/2023,27870232,No Order Needed
23634932,8/9/2023,8473,No Order Needed
23634956,8/9/2023,27874775,Order Refused
23635025,8/9/2023,27874288,No Order Needed
23635049,8/9/2023,27872077,Order Refused
23635060,8/9/2023,10090,Order Refused
23635066,8/9/2023,8307,Order Refused
23635105,8/9/2023,27288,No Order Needed
23635106,8/9/2023,27869337,Needs Rerouting
23642845,8/9/2023,27873474,No Order Needed
23642846,8/9/2023,27871144,Scanner Down
23642851,8/9/2023,27873471,No Order Needed
23642852,8/9/2023,27875031,No Order Needed
23642853,8/9/2023,27870524,No Order Needed
23642868,8/9/2023,27844,Order Refused
23642869,8/9/2023,26519,Temporarily Closed
23642872,8/9/2023,27873123,Order Refused
23642879,8/9/2023,10629,Order Refused
23642907,8/9/2023,10143,No Order Needed
23642941,8/9/2023,26554,Scanner Down
23642944,8/9/2023,27873706,No Order Needed
23642945,8/9/2023,25252,Mgmt Unavailable
23642947,8/9/2023,15260,No Order Needed
23642953,8/9/2023,27868751,No Order Needed
23642961,8/9/2023,10845,No Order Needed
23642980,8/9/2023,27875216,Order Refused
23642982,8/9/2023,27868151,Scanner Down
23642989,8/9/2023,6656,Temporarily Closed
23642995,8/9/2023,27868364,Order Refused
23643000,8/9/2023,27863299,Order Refused
23643003,8/9/2023,8090,Order Refused
23643004,8/9/2023,27876253,No Order Needed
23643044,8/9/2023,27875436,Order Refused
23643048,8/9/2023,27871805,Order Refused
23643051,8/9/2023,27874429,Order Refused
23643061,8/9/2023,27872854,Temporarily Closed
23643110,8/9/2023,11435,Insufficient Funds
23643117,8/9/2023,27864096,Order Refused
23643142,8/9/2023,14365,No Order Needed
23643152,8/9/2023,21281,Order Refused
23643153,8/9/2023,27869727,Order Refused
23643155,8/9/2023,10929,Order Refused
23643160,8/9/2023,27863287,Order Refused
23643161,8/9/2023,10398,No Order Needed
23643163,8/9/2023,12280,No Order Needed
23643165,8/9/2023,27865250,No Order Needed
23643169,8/9/2023,16859,No Order Needed
23643170,8/9/2023,28005,No Order Needed
23643171,8/9/2023,11081,No Order Needed
23643183,8/9/2023,27874277,Order Refused
23643190,8/9/2023,7243,Scanner Down
23643197,8/9/2023,1007,Order Refused
23643198,8/9/2023,27875258,Order Refused
23643199,8/9/2023,7563,No Order Needed
23643200,8/9/2023,27874498,Order Refused
23643201,8/9/2023,27867617,No Order Needed
23643204,8/9/2023,27876008,No Order Needed
23643215,8/9/2023,27871159,Order Refused
23643223,8/9/2023,13078,No Order Needed
23643224,8/9/2023,27872530,Order Refused
23643246,8/9/2023,27875237,No Order Needed
23643247,8/9/2023,27867291,Temporarily Closed
23643250,8/9/2023,19126,No Order Needed
23643271,8/9/2023,10755,Order Refused
23643273,8/9/2023,17899,Order Refused
23643288,8/9/2023,27875642,Scanner Down
23643294,8/9/2023,27598,Order Refused
23643298,8/9/2023,27875686,No Order Needed
23643324,8/9/2023,17369,Mgmt Unavailable
23643330,8/9/2023,11299,Insufficient Funds
23643339,8/10/2023,27874564,Order Refused
23643357,8/9/2023,27868146,No Order Needed
23643360,8/9/2023,27873794,Insufficient Funds
23643370,8/9/2023,7848,Scanner Down
23643385,8/9/2023,23777,Scanner Down
23643388,8/9/2023,21261,Order Refused
23643395,8/9/2023,27875953,Order Refused
23643412,8/9/2023,27870472,No Order Needed
23643414,8/9/2023,27875391,No Order Needed
23643415,8/9/2023,27873652,No Order Needed
23643417,8/9/2023,27872309,No Order Needed
23643418,8/9/2023,7551,No Order Needed
23643443,8/9/2023,12690,Order Refused
23643444,8/9/2023,27876029,Order Refused
23643455,8/9/2023,23488,Order Refused
23643460,8/9/2023,27865339,Order Refused
23643471,8/9/2023,27874864,No Order Needed
23643473,8/9/2023,26542,No Order Needed
23643497,8/9/2023,27872333,Temporarily Closed
23643498,8/9/2023,27875482,Order Refused
23643499,8/9/2023,11383,Order Refused
23643504,8/9/2023,13079,No Order Needed
23643509,8/9/2023,8212,No Order Needed
23643528,8/9/2023,27876035,Scanner Down
23643530,8/9/2023,13554,Insufficient Funds
23643555,8/9/2023,27869832,No Order Needed
23643556,8/9/2023,27870493,No Order Needed
23643559,8/9/2023,27874708,No Order Needed
23643561,8/9/2023,27870695,No Order Needed
23643562,8/9/2023,6648,No Order Needed
23643563,8/9/2023,7933,Order Refused
23643565,8/9/2023,27872213,No Order Needed
23643566,8/9/2023,27873601,No Order Needed
23643568,8/9/2023,27871008,No Order Needed
23643570,8/9/2023,27874316,Temporarily Closed
23643575,8/9/2023,5832,No Order Needed
23643586,8/9/2023,27875290,Mgmt Unavailable
23643589,8/9/2023,27871092,Mgmt Unavailable
23643617,8/9/2023,278705,Order Refused
23643626,8/9/2023,27873829,No Order Needed
23643633,8/9/2023,27871942,No Order Needed
23643635,8/9/2023,27871943,No Order Needed
23643649,8/9/2023,6836,No Order Needed
23643650,8/9/2023,27865215,Scanner Down
23643651,8/9/2023,27876021,Order Refused
23643657,8/9/2023,27863613,Temporarily Closed
23643658,8/9/2023,26872,Order Refused
23649648,8/9/2023,27874217,Order Refused
23649674,8/9/2023,5814,No Order Needed
23649675,8/9/2023,27868017,No Order Needed
23649676,8/9/2023,4760,No Order Needed
23649695,8/9/2023,17212,Order Refused
23649700,8/9/2023,27867747,Order Refused
23649702,8/9/2023,27874634,Temporarily Closed
23649752,8/9/2023,4698,No Order Needed
23649754,8/9/2023,7859,No Order Needed
23649758,8/9/2023,4763,No Order Needed
23649770,8/9/2023,40046,Order Refused
23649801,8/9/2023,7098,Insufficient Funds
23649815,8/9/2023,27865445,Order Refused
23649846,8/9/2023,27865171,No Order Needed
23649857,8/9/2023,25176,Needs Rerouting
23649858,8/9/2023,16722,Order Refused
23649880,8/9/2023,17915,No Order Needed
23649882,8/9/2023,27864865,No Order Needed
23649890,8/9/2023,12236,Order Refused
23649892,8/9/2023,27870861,No Order Needed
23649893,8/9/2023,27864154,No Order Needed
23649906,8/9/2023,27874842,No Order Needed
23649925,8/9/2023,13065,No Order Needed
23649928,8/9/2023,27874738,No Order Needed
23649930,8/9/2023,27873828,Order Refused
23649934,8/9/2023,27870864,No Order Needed
23656383,8/10/2023,27870029,Order Refused
23656401,8/10/2023,19328,Order Refused
23656419,8/10/2023,8384,Order Refused
23656437,8/10/2023,27868750,Order Refused
23661239,8/10/2023,27863467,No Order Needed
23661241,8/10/2023,278708,Needs Rerouting
23661247,8/10/2023,12431,Order Refused
23661254,8/10/2023,6311,Temporarily Closed
23661291,8/10/2023,27874232,Order Refused
23661294,8/10/2023,3640,No Order Needed
23661306,8/10/2023,26481,Scanner Down
23661307,8/10/2023,12264,No Order Needed
23661351,8/10/2023,8536,Order Refused
23661352,8/10/2023,9713,Order Refused
23661354,8/10/2023,27874589,Order Refused
23661356,8/10/2023,8742,Temporarily Closed
23661360,8/10/2023,27867827,Order Refused
23661362,8/10/2023,27874588,Order Refused
23661376,8/10/2023,9543,No Order Needed
23661378,8/10/2023,27865199,No Order Needed
23661385,8/10/2023,278202,Order Refused
23661388,8/10/2023,27874297,No Order Needed
23661406,8/10/2023,27870706,Scanner Down
23661417,8/10/2023,27870278,Temporarily Closed
23661431,8/10/2023,27869311,Order Refused
23661435,8/10/2023,22608,No Order Needed
23661437,8/10/2023,27864839,Order Refused
23661438,8/10/2023,27873206,Needs Rerouting
23661451,8/10/2023,27875576,Order Refused
23661464,8/10/2023,8709,Needs Rerouting
23661471,8/10/2023,19578,Order Refused
23661485,8/10/2023,27876258,No Order Needed
23661501,8/10/2023,27874014,No Order Needed
23661533,8/10/2023,27875738,No Order Needed
23661549,8/10/2023,27867192,No Order Needed
23661555,8/10/2023,27869419,No Order Needed
23661558,8/10/2023,27236,No Order Needed
23661597,8/10/2023,27873541,No Order Needed
23661605,8/10/2023,6307,No Order Needed
23661658,8/10/2023,27875197,Needs Rerouting
23661686,8/10/2023,5436,No Order Needed
23661687,8/10/2023,27876102,Order Refused
23661695,8/10/2023,40037,Order Refused
23661708,8/10/2023,27875905,Insufficient Funds
23661771,8/10/2023,27876275,Temporarily Closed
23661780,8/10/2023,27874819,No Order Needed
23661833,8/10/2023,27865010,Order Refused
23661847,8/10/2023,24346,No Order Needed
23661852,8/10/2023,27868492,No Order Needed
23661863,8/10/2023,9379,No Order Needed
23661880,8/10/2023,27868022,No Order Needed
23661881,8/10/2023,27864977,No Order Needed
23661887,8/10/2023,27873876,No Order Needed
23661890,8/10/2023,27873877,No Order Needed
23661896,8/10/2023,19445,Temporarily Closed
23661901,8/10/2023,9811,Order Refused
23661918,8/10/2023,27863945,No Order Needed
23661923,8/10/2023,27868655,Scanner Down
23661955,8/10/2023,3691,No Order Needed
23661991,8/10/2023,27869953,Order Refused
23662035,8/10/2023,412,Order Refused
23662046,8/10/2023,27875416,Order Refused
23662049,8/10/2023,8410,Order Refused
23662060,8/10/2023,27872071,No Order Needed
23662065,8/10/2023,20232,Mgmt Unavailable
23669433,8/10/2023,8167,No Order Needed
23669442,8/10/2023,27873517,No Order Needed
23669443,8/10/2023,27870312,No Order Needed
23669543,8/10/2023,27870735,Order Refused
23669569,8/10/2023,27870527,Needs Rerouting
23669570,8/10/2023,27873835,Needs Rerouting
23669571,8/10/2023,27874371,Needs Rerouting
23669596,8/10/2023,27875876,Order Refused
23669598,8/10/2023,27874964,Mgmt Unavailable
23669600,8/10/2023,27871664,Mgmt Unavailable
23669603,8/10/2023,27874502,Order Refused
23669605,8/10/2023,27875162,Mgmt Unavailable
23669608,8/10/2023,27871768,Mgmt Unavailable
23669654,8/10/2023,27864828,Scanner Down
23669661,8/10/2023,22688,Order Refused
23669674,8/10/2023,8010,Order Refused
23669678,8/10/2023,27874619,No Order Needed
23669684,8/10/2023,27873073,Temporarily Closed
23669687,8/10/2023,19438,Temporarily Closed
23669695,8/10/2023,22318,Order Refused
23669697,8/10/2023,27874487,Order Refused
23669699,8/10/2023,11025,Order Refused
23669706,8/10/2023,27871123,Order Refused
23669710,8/10/2023,12659,Order Refused
23669716,8/10/2023,27874002,No Order Needed
23669718,8/10/2023,27871969,Insufficient Funds
23669732,8/10/2023,27871532,No Order Needed
23669733,8/10/2023,7810,No Order Needed
23669735,8/10/2023,27871583,No Order Needed
23669744,8/10/2023,27871565,No Order Needed
23669745,8/10/2023,27875828,No Order Needed
23669746,8/10/2023,27875920,Out of Business
23669761,8/10/2023,27874846,No Order Needed
23669762,8/10/2023,27871567,No Order Needed
23669765,8/10/2023,27868172,Order Refused
23669768,8/10/2023,27869360,Mgmt Unavailable
23669785,8/10/2023,18880,Order Refused
23669799,8/10/2023,9353,No Order Needed
23669806,8/10/2023,9505,No Order Needed
23669816,8/10/2023,27875705,Order Refused
23669824,8/10/2023,27570,Order Refused
23669825,8/10/2023,17512,Order Refused
23669827,8/10/2023,27864487,Order Refused
23669830,8/10/2023,15325,Order Refused
23669840,8/10/2023,11919,Order Refused
23669841,8/10/2023,25115,Order Refused
23669842,8/10/2023,15506,Order Refused
23669862,8/10/2023,14979,Order Refused
23669864,8/10/2023,26782,Order Refused
23669885,8/10/2023,27872232,Scanner Down
23669886,8/10/2023,27873995,Insufficient Funds
23669905,8/10/2023,278322,Insufficient Funds
23669906,8/10/2023,7850,Scanner Down
23669943,8/10/2023,7763,No Order Needed
23669946,8/10/2023,7886,No Order Needed
23669956,8/10/2023,27872812,No Order Needed
23669957,8/10/2023,1166,No Order Needed
23669996,8/10/2023,27864145,No Order Needed
23670012,8/10/2023,277789,Scanner Down
23670013,8/10/2023,27863474,Order Refused
23670015,8/10/2023,22349,Order Refused
23670021,8/10/2023,22533,Order Refused
23670023,8/10/2023,17239,Order Refused
23670040,8/10/2023,27875600,Insufficient Funds
23670041,8/10/2023,27874642,Insufficient Funds
23670083,8/10/2023,27873693,Mgmt Unavailable
23670086,8/10/2023,277924,No Order Needed
23670090,8/10/2023,27875486,No Order Needed
23670099,8/10/2023,27875714,No Order Needed
23670111,8/10/2023,27870499,Order Refused
23670117,8/10/2023,27874960,Temporarily Closed
23670159,8/10/2023,27873470,No Order Needed
23670161,8/10/2023,7865,No Order Needed
23670163,8/10/2023,27873479,No Order Needed
23670165,8/10/2023,27871982,No Order Needed
23670166,8/10/2023,27871981,No Order Needed
23670169,8/10/2023,7898,Scanner Down
23670184,8/10/2023,27870760,Order Refused
23676009,8/10/2023,27873089,Temporarily Closed
23676019,8/10/2023,27866581,Mgmt Unavailable
23676039,8/10/2023,27874231,Scanner Down
23676066,8/10/2023,27869685,No Order Needed
23676067,8/10/2023,27875786,No Order Needed
23676069,8/10/2023,27874894,No Order Needed
23676070,8/10/2023,27866726,No Order Needed
23676071,8/10/2023,27866739,No Order Needed
23676072,8/10/2023,27873435,No Order Needed
23676073,8/10/2023,27866735,No Order Needed
23676075,8/10/2023,27873323,No Order Needed
23676078,8/10/2023,27876045,No Order Needed
23676105,8/10/2023,27876245,Mgmt Unavailable
23676130,8/10/2023,17877,Order Refused
23676155,8/10/2023,25779,Order Refused
23676156,8/10/2023,14918,Order Refused
23676197,8/10/2023,27875268,No Order Needed
23676208,8/10/2023,14018,Order Refused
23676214,8/10/2023,27872314,Temporarily Closed
23676216,8/10/2023,27863979,Order Refused
23676240,8/10/2023,11450,Order Refused
23676250,8/10/2023,25607,Order Refused
23676261,8/10/2023,27875017,No Order Needed
23676283,8/10/2023,278206,No Order Needed
23676284,8/10/2023,9732,No Order Needed
23676285,8/10/2023,27870853,No Order Needed
23676290,8/10/2023,23600,No Order Needed
23681497,8/11/2023,23880,No Order Needed
23681498,8/11/2023,27869371,Needs Rerouting
23681501,8/11/2023,23192,No Order Needed
23681508,8/11/2023,12250,Order Refused
23681550,8/11/2023,27875956,Order Refused
23681558,8/11/2023,27865583,No Order Needed
23681559,8/11/2023,27863195,No Order Needed
23681572,8/11/2023,629,Order Refused
23681577,8/11/2023,27873313,Order Refused
23681585,8/11/2023,23418,Insufficient Funds
23681588,8/11/2023,27869734,Insufficient Funds
23681603,8/11/2023,9705,No Order Needed
23681605,8/11/2023,8359,Order Refused
23681606,8/11/2023,8511,Order Refused
23681607,8/11/2023,8366,Order Refused
23681618,8/11/2023,8717,Order Refused
23681632,8/11/2023,8472,No Order Needed
23681634,8/11/2023,27864561,No Order Needed
23681645,8/11/2023,27872832,Order Refused
23681677,8/11/2023,27869308,Order Refused
23681683,8/11/2023,27872091,Needs Rerouting
23681691,8/11/2023,27868745,Order Refused
23681696,8/11/2023,9914,Scanner Down
23681697,8/11/2023,27872315,Insufficient Funds
23681707,8/11/2023,27872068,Order Refused
23681713,8/11/2023,27873214,Order Refused
23681723,8/11/2023,27870433,No Order Needed
23681741,8/11/2023,2407,No Order Needed
23681742,8/11/2023,5169,No Order Needed
23681769,8/11/2023,18418,Order Refused
23681775,8/11/2023,27864428,Order Refused
23681779,8/11/2023,27872229,Needs Rerouting
23681812,8/11/2023,27876152,Temporarily Closed
23681813,8/11/2023,27876238,Temporarily Closed
23681818,8/11/2023,8311,Temporarily Closed
23681821,8/11/2023,9897,Order Refused
23681825,8/11/2023,27874041,No Order Needed
23681833,8/11/2023,27875791,Temporarily Closed
23681859,8/11/2023,27875172,Order Refused
23681881,8/11/2023,6667,No Order Needed
23681890,8/11/2023,27875909,Order Refused
23681921,8/11/2023,21825,Order Refused
23681923,8/11/2023,278340,Order Refused
23681932,8/11/2023,27868791,Order Refused
23681936,8/11/2023,278568,Order Refused
23681943,8/11/2023,27872582,Temporarily Closed
23681980,8/11/2023,8493,Temporarily Closed
23681997,8/11/2023,25248,Order Refused
23682030,8/11/2023,19233,Needs Rerouting
23682031,8/11/2023,27875250,Order Refused
23682034,8/11/2023,27875476,Order Refused
23682036,8/11/2023,27869792,Order Refused
23682040,8/11/2023,9059,Order Refused
23682041,8/11/2023,27876048,Order Refused
23682063,8/11/2023,9747,No Order Needed
23682091,8/11/2023,5224,Out of Business
23682098,8/11/2023,27864752,No Order Needed
23682106,8/11/2023,27875262,Temporarily Closed
23682108,8/11/2023,27875263,Order Refused
23682129,8/11/2023,27865042,No Order Needed
23682131,8/11/2023,27872580,No Order Needed
23682140,8/11/2023,6631,Temporarily Closed
23682147,8/11/2023,27873818,Order Refused
23682149,8/11/2023,27868643,No Order Needed
23682216,8/11/2023,27864829,No Order Needed
23682253,8/11/2023,27872177,Order Refused
23682264,8/11/2023,9766,Scanner Down
23682296,8/11/2023,278232,No Order Needed
23689606,8/11/2023,27873535,Order Refused
23689609,8/11/2023,7340,No Order Needed
23689610,8/11/2023,27874791,No Order Needed
23689611,8/11/2023,27873515,No Order Needed
23689612,8/11/2023,27873793,No Order Needed
23689614,8/11/2023,27864926,No Order Needed
23689615,8/11/2023,7333,No Order Needed
23689622,8/11/2023,27870519,No Order Needed
23689624,8/11/2023,27872406,No Order Needed
23689636,8/11/2023,26541,Scanner Down
23689667,8/11/2023,16133,No Order Needed
23689678,8/11/2023,11629,Order Refused
23689715,8/11/2023,23490,No Order Needed
23689745,8/11/2023,27874920,No Order Needed
23689750,8/11/2023,27871939,No Order Needed
23689773,8/11/2023,27865359,Scanner Down
23689795,8/11/2023,27875981,Order Refused
23689799,8/11/2023,27875304,Order Refused
23689801,8/11/2023,27871812,Mgmt Unavailable
23689862,8/11/2023,27869925,Order Refused
23689899,8/11/2023,5586,Order Refused
23689907,8/11/2023,277992,Scanner Down
23689919,8/11/2023,12492,Order Refused
23689921,8/11/2023,25789,Order Refused
23689957,8/11/2023,6709,No Order Needed
23689958,8/11/2023,7423,No Order Needed
23689965,8/11/2023,27864912,No Order Needed
23689968,8/11/2023,1031,No Order Needed
23689978,8/11/2023,278313,Temporarily Closed
23690010,8/11/2023,8661,No Order Needed
23690011,8/11/2023,278095,Insufficient Funds
23690033,8/11/2023,23471,Order Refused
23690037,8/11/2023,23361,Order Refused
23690058,8/11/2023,27873100,Order Refused
23690085,8/11/2023,10376,Order Refused
23690092,8/11/2023,25625,Temporarily Closed
23690101,8/11/2023,14203,Order Refused
23690113,8/11/2023,16372,No Order Needed
23690125,8/11/2023,27872054,Insufficient Funds
23690128,8/11/2023,27875296,Insufficient Funds
23690129,8/11/2023,27870704,Order Refused
23690192,8/11/2023,11374,Order Refused
23690196,8/11/2023,278136,No Order Needed
23690213,8/11/2023,25155,Order Refused
23690219,8/11/2023,278585,Temporarily Closed
23690222,8/11/2023,9403,No Order Needed
23690223,8/11/2023,19561,No Order Needed
23690255,8/11/2023,278046,Order Refused
23690259,8/11/2023,27874317,Order Refused
23690282,8/11/2023,14673,Order Refused
23690285,8/11/2023,15572,Order Refused
23690288,8/11/2023,27875492,Order Refused
23690293,8/11/2023,12624,Order Refused
23690308,8/11/2023,27869832,No Order Needed
23690309,8/11/2023,27870702,No Order Needed
23690311,8/11/2023,2788637,No Order Needed
23690312,8/11/2023,27874669,No Order Needed
23690316,8/11/2023,27870443,No Order Needed
23690323,8/11/2023,27874739,No Order Needed
23690326,8/11/2023,27870523,No Order Needed
23690328,8/11/2023,27873217,Order Refused
23690339,8/11/2023,27875754,Mgmt Unavailable
23690340,8/11/2023,8146,Mgmt Unavailable
23690342,8/11/2023,27873973,Mgmt Unavailable
23690383,8/11/2023,27870485,No Order Needed
23690384,8/11/2023,27876234,No Order Needed
23690385,8/11/2023,27875200,No Order Needed
23690391,8/11/2023,27872442,Order Refused
23690409,8/11/2023,23762,Order Refused
23696784,8/11/2023,25075,Order Refused
23696792,8/11/2023,5294,No Order Needed
23696797,8/11/2023,5266,No Order Needed
23696800,8/11/2023,6833,No Order Needed
23696809,8/11/2023,27870461,Order Refused
23696822,8/11/2023,27874817,No Order Needed
23696896,8/11/2023,27872587,Temporarily Closed
23696905,8/11/2023,7565,No Order Needed
23696911,8/11/2023,27875870,No Order Needed
23696912,8/11/2023,27875916,No Order Needed
23696915,8/11/2023,27876071,No Order Needed
23696925,8/11/2023,2788620,Order Refused
23696957,8/11/2023,14433,Order Refused
23696959,8/11/2023,20224,Order Refused
23696960,8/11/2023,27868652,Order Refused
23696961,8/11/2023,20981,Order Refused
23696972,8/11/2023,6624,No Order Needed
23697032,8/11/2023,27867879,Order Refused
23697077,8/11/2023,27867998,Mgmt Unavailable
23697078,8/11/2023,27863332,Order Refused
23697079,8/11/2023,277835,Order Refused
23697098,8/11/2023,27875816,No Order Needed
23697099,8/11/2023,27875908,Mgmt Unavailable
23697100,8/11/2023,27873634,No Order Needed
23697101,8/11/2023,27866998,Mgmt Unavailable
23697102,8/11/2023,27872421,No Order Needed
23697103,8/11/2023,27875879,Order Refused
23697107,8/11/2023,27867027,No Order Needed
23697111,8/11/2023,27875880,Order Refused
23697113,8/11/2023,27875910,No Order Needed
23697114,8/11/2023,27875926,Mgmt Unavailable
23697115,8/11/2023,27870321,Mgmt Unavailable
23703614,8/8/2023,27873061,No Order Needed
23704513,8/15/2023,27875102,Order Refused
23704528,8/15/2023,27874322,Order Refused
23704607,8/15/2023,27876239,Order Refused
23708562,8/8/2023,27854,Order Refused
23708627,8/9/2023,27874121,No Order Needed
23708786,8/9/2023,19414,No Order Needed
23712571,8/14/2023,23243,No Order Needed
23712573,8/14/2023,24963,No Order Needed
23712578,8/14/2023,27876262,No Order Needed
23712586,8/14/2023,6438,Scanner Down
23712588,8/14/2023,27875374,Temporarily Closed
23712624,8/14/2023,3761,No Order Needed
23712632,8/14/2023,278294,Order Refused
23712639,8/14/2023,25983,No Order Needed
23712651,8/14/2023,27876013,Order Refused
23712679,8/14/2023,9713,No Order Needed
23712683,8/14/2023,9737,Order Refused
23712762,8/14/2023,27863340,No Order Needed
23712766,8/14/2023,27868312,No Order Needed
23712769,8/14/2023,12428,Order Refused
23712798,8/14/2023,27873347,Order Refused
23712801,8/14/2023,9606,Temporarily Closed
23712835,8/14/2023,5129,Order Refused
23712858,8/14/2023,27874260,Order Refused
23712871,8/14/2023,27871963,Order Refused
23712882,8/14/2023,27869332,No Order Needed
23712887,8/14/2023,27872116,No Order Needed
23712890,8/14/2023,26490,Scanner Down
23712900,8/14/2023,24377,Order Refused
23712916,8/14/2023,15797,Needs Rerouting
23712947,8/14/2023,9877,Order Refused
23712968,8/14/2023,27864126,No Order Needed
23712985,8/14/2023,27592,No Order Needed
23713018,8/14/2023,10071,No Order Needed
23713026,8/14/2023,277801,Scanner Down
23713035,8/14/2023,278274,Order Refused
23713087,8/14/2023,27863388,Scanner Down
23713114,8/14/2023,27865248,Order Refused
23713125,8/14/2023,27866636,Mgmt Unavailable
23713135,8/14/2023,27868150,No Order Needed
23713146,8/14/2023,27869322,No Order Needed
23713159,8/14/2023,8906,Order Refused
23713179,8/14/2023,27865478,No Order Needed
23713193,8/14/2023,8483,No Order Needed
23713215,8/14/2023,27868388,No Order Needed
23713241,8/14/2023,27863735,No Order Needed
23713254,8/14/2023,5806,Mgmt Unavailable
23713260,8/14/2023,8349,No Order Needed
23713289,8/14/2023,27424,Out of Business
23713291,8/14/2023,4130,Order Refused
23713363,8/14/2023,27864089,No Order Needed
23713368,8/14/2023,19423,Needs Rerouting
23713370,8/14/2023,8789,Needs Rerouting
23713372,8/14/2023,27871882,Needs Rerouting
23713373,8/14/2023,27864277,Needs Rerouting
23713374,8/14/2023,27863237,Needs Rerouting
23713375,8/14/2023,9763,Needs Rerouting
23713376,8/14/2023,19510,Needs Rerouting
23713383,8/14/2023,26749,Scanner Down
23713429,8/14/2023,40016,No Order Needed
23720805,8/14/2023,18888,Order Refused
23720864,8/14/2023,17959,Order Refused
23720900,8/14/2023,27873207,Scanner Down
23720901,8/14/2023,27875707,Mgmt Unavailable
23720946,8/14/2023,27875840,Order Refused
23720948,8/14/2023,27875847,Order Refused
23720949,8/14/2023,27871687,Mgmt Unavailable
23720950,8/14/2023,27871763,Mgmt Unavailable
23720975,8/14/2023,21208,Order Refused
23721003,8/14/2023,25121,Order Refused
23721016,8/14/2023,17210,Insufficient Funds
23721018,8/14/2023,278674,Temporarily Closed
23721022,8/14/2023,27864096,Order Refused
23721024,8/14/2023,277811,Order Refused
23721052,8/14/2023,27874704,Order Refused
23721062,8/14/2023,10738,No Order Needed
23721074,8/14/2023,27873140,Order Refused
23721082,8/14/2023,5812,No Order Needed
23721084,8/14/2023,8110,Needs Rerouting
23721094,8/14/2023,27874742,Scanner Down
23721143,8/14/2023,27484,Order Refused
23721149,8/14/2023,17571,Order Refused
23721151,8/14/2023,27874788,Order Refused
23721154,8/14/2023,14579,Order Refused
23721162,8/14/2023,27863218,Order Refused
23721175,8/14/2023,24474,Order Refused
23721176,8/14/2023,21664,Order Refused
23721181,8/14/2023,27869524,Order Refused
23721219,8/14/2023,26363,Order Refused
23721224,8/14/2023,278440,Mgmt Unavailable
23721244,8/14/2023,27876231,Scanner Down
23721245,8/14/2023,7838,Scanner Down
23721246,8/14/2023,27874070,Scanner Down
23721263,8/14/2023,23224,No Order Needed
23721283,8/14/2023,1003,No Order Needed
23721284,8/14/2023,184,Needs Rerouting
23721285,8/14/2023,27870765,No Order Needed
23721286,8/14/2023,27876232,Needs Rerouting
23721289,8/14/2023,9966,No Order Needed
23721293,8/14/2023,27870491,No Order Needed
23721313,8/14/2023,20198,Order Refused
23721332,8/14/2023,27875571,No Order Needed
23721343,8/14/2023,27869,No Order Needed
23721344,8/14/2023,27863167,Order Refused
23721357,8/14/2023,27841,Mgmt Unavailable
23721360,8/14/2023,22349,Order Refused
23721375,8/14/2023,19506,No Order Needed
23721386,8/14/2023,23962,Order Refused
23721419,8/14/2023,27873512,No Order Needed
23721420,8/14/2023,27875063,No Order Needed
23721422,8/14/2023,27873511,No Order Needed
23721425,8/14/2023,27868352,No Order Needed
23721429,8/14/2023,27870567,No Order Needed
23721435,8/14/2023,27872026,No Order Needed
23721438,8/14/2023,6435,No Order Needed
23721440,8/14/2023,27870471,No Order Needed
23721447,8/14/2023,27866600,No Order Needed
23721458,8/14/2023,27870499,Order Refused
23721507,8/14/2023,27870489,No Order Needed
23721512,8/14/2023,27868057,No Order Needed
23721525,8/14/2023,8133,No Order Needed
23721533,8/14/2023,16437,Order Refused
23727268,8/14/2023,16213,Scanner Down
23727271,8/14/2023,27870677,No Order Needed
23727297,8/14/2023,27875982,No Order Needed
23727300,8/14/2023,27871872,No Order Needed
23727302,8/14/2023,27876178,No Order Needed
23727309,8/14/2023,5351,Order Refused
23727314,8/14/2023,27875190,No Order Needed
23727394,8/14/2023,7921,No Order Needed
23727416,8/14/2023,27873091,Scanner Down
23727428,8/14/2023,27075,No Order Needed
23727437,8/14/2023,27871988,Order Refused
23727495,8/14/2023,27869745,No Order Needed
23727528,8/14/2023,11746,No Order Needed
23727532,8/14/2023,11326,No Order Needed
23727565,8/14/2023,11385,Order Refused
23730912,8/9/2023,26368,Temporarily Closed
23730921,8/9/2023,27864144,Order Refused
23731247,8/9/2023,13715,Order Refused
23731440,8/9/2023,8722,No Order Needed
23733096,8/11/2023,27876183,No Order Needed
23737630,8/15/2023,27873724,Scanner Down
23737641,8/15/2023,22369,No Order Needed
23737645,8/15/2023,27867756,Scanner Down
23737650,8/15/2023,30026,No Order Needed
23737651,8/15/2023,26714,No Order Needed
23737652,8/15/2023,27875703,Needs Rerouting
23737689,8/15/2023,27865058,Mgmt Unavailable
23737713,8/15/2023,21856,Order Refused
23737727,8/15/2023,27875192,No Order Needed
23737774,8/15/2023,27875269,Scanner Down
23737775,8/15/2023,27867593,Scanner Down
23737777,8/15/2023,8522,Scanner Down
23737779,8/15/2023,27870399,Scanner Down
23737780,8/15/2023,9104,Scanner Down
23737781,8/15/2023,8675,Scanner Down
23737782,8/15/2023,19444,Scanner Down
23737784,8/15/2023,19154,Scanner Down
23737792,8/15/2023,27869204,No Order Needed
23737817,8/15/2023,27869923,No Order Needed
23737839,8/15/2023,23071,Needs Rerouting
23737842,8/15/2023,278489,Needs Rerouting
23737843,8/15/2023,25784,Needs Rerouting
23737891,8/15/2023,27872037,Insufficient Funds
23737915,8/15/2023,5169,No Order Needed
23737957,8/15/2023,26484,No Order Needed
23737964,8/15/2023,27866629,Temporarily Closed
23737966,8/15/2023,26698,No Order Needed
23737969,8/15/2023,27875204,No Order Needed
23737970,8/15/2023,27863344,No Order Needed
23737991,8/15/2023,27863927,Order Refused
23738000,8/15/2023,27874467,Scanner Down
23738001,8/15/2023,27867898,Scanner Down
23738002,8/15/2023,9526,Scanner Down
23738003,8/15/2023,9623,Scanner Down
23738005,8/15/2023,9888,Scanner Down
23738007,8/15/2023,278139,Scanner Down
23738018,8/15/2023,27867546,Order Refused
23738022,8/15/2023,27875785,Order Refused
23738040,8/15/2023,9765,Temporarily Closed
23738070,8/15/2023,19518,Scanner Down
23738071,8/15/2023,27874405,Scanner Down
23738074,8/15/2023,27864027,Scanner Down
23738075,8/15/2023,27876018,Scanner Down
23738076,8/15/2023,27874254,Scanner Down
23738077,8/15/2023,19602,Scanner Down
23738078,8/15/2023,19443,Scanner Down
23738080,8/15/2023,27870021,Scanner Down
23738081,8/15/2023,27864429,Scanner Down
23738104,8/15/2023,27874970,Mgmt Unavailable
23738121,8/15/2023,27865156,No Order Needed
23738137,8/15/2023,14207,Order Refused
23738139,8/15/2023,27033,Order Refused
23738179,8/15/2023,27864173,No Order Needed
23738190,8/15/2023,277899,No Order Needed
23738192,8/15/2023,27873649,Scanner Down
23738195,8/15/2023,9364,Scanner Down
23738196,8/15/2023,27869700,Scanner Down
23738197,8/15/2023,8279,Scanner Down
23738198,8/15/2023,27873061,Scanner Down
23738199,8/15/2023,19419,Scanner Down
23738200,8/15/2023,8664,Scanner Down
23738201,8/15/2023,27871858,Scanner Down
23738202,8/15/2023,27864227,Scanner Down
23738280,8/15/2023,27872520,No Order Needed
23738325,8/15/2023,27873120,Order Refused
23738328,8/15/2023,27867996,No Order Needed
23738331,8/15/2023,27872886,No Order Needed
23738333,8/15/2023,7951,Order Refused
23738357,8/15/2023,27871901,No Order Needed
23738374,8/15/2023,27876243,Order Refused
23738376,8/15/2023,8896,No Order Needed
23738378,8/15/2023,9859,Scanner Down
23738379,8/15/2023,9212,Scanner Down
23738382,8/15/2023,27874877,Scanner Down
23738383,8/15/2023,19049,Scanner Down
23738384,8/15/2023,27864228,Scanner Down
23738385,8/15/2023,19029,Scanner Down
23738386,8/15/2023,27875276,No Order Needed
23738410,8/15/2023,27875960,Order Refused
23738411,8/15/2023,27876115,Needs Rerouting
23738458,8/15/2023,27874310,Temporarily Closed
23738478,8/15/2023,2948,Order Refused
23738510,8/15/2023,27875067,Order Refused
23746199,8/15/2023,5204,No Order Needed
23746200,8/15/2023,7421,No Order Needed
23746209,8/15/2023,27875233,No Order Needed
23746221,8/15/2023,27865019,No Order Needed
23746246,8/15/2023,23939,No Order Needed
23746283,8/15/2023,24736,Order Refused
23746291,8/15/2023,27863429,Order Refused
23746311,8/15/2023,28041,No Order Needed
23746350,8/15/2023,27875980,No Order Needed
23746356,8/15/2023,7557,Temporarily Closed
23746364,8/15/2023,27873258,Mgmt Unavailable
23746365,8/15/2023,27874320,Temporarily Closed
23746402,8/15/2023,27875839,Order Refused
23746472,8/15/2023,7439,No Order Needed
23746473,8/15/2023,27875343,Order Refused
23746476,8/15/2023,6994,Order Refused
23746479,8/15/2023,27872820,Order Refused
23746481,8/15/2023,27872890,Temporarily Closed
23746494,8/15/2023,27876075,Order Refused
23746496,8/15/2023,14619,Order Refused
23746497,8/15/2023,16185,Order Refused
23746499,8/15/2023,278439,Order Refused
23746502,8/15/2023,27870927,Order Refused
23746503,8/15/2023,26705,Order Refused
23746513,8/15/2023,27870755,No Order Needed
23746561,8/15/2023,15114,No Order Needed
23746609,8/15/2023,12672,Order Refused
23746610,8/15/2023,12673,Order Refused
23746611,8/15/2023,27252,Order Refused
23746621,8/15/2023,17772,Order Refused
23746624,8/15/2023,16446,Order Refused
23746646,8/15/2023,17542,Order Refused
23746664,8/15/2023,27384,No Order Needed
23746665,8/15/2023,27200,Order Refused
23746680,8/15/2023,20271,Order Refused
23746682,8/15/2023,15324,Insufficient Funds
23746699,8/15/2023,27873549,Order Refused
23746722,8/15/2023,12183,No Order Needed
23746769,8/15/2023,278292,Order Refused
23746792,8/15/2023,14910,Order Refused
23746797,8/15/2023,278601,Order Refused
23746803,8/15/2023,22108,No Order Needed
23746807,8/15/2023,277920,No Order Needed
23746812,8/15/2023,27874395,Temporarily Closed
23746817,8/15/2023,11069,Order Refused
23746823,8/15/2023,26190,Insufficient Funds
23746830,8/15/2023,8877,No Order Needed
23746833,8/15/2023,8669,No Order Needed
23746834,8/15/2023,8829,No Order Needed
23746835,8/15/2023,8231,No Order Needed
23746836,8/15/2023,19403,No Order Needed
23746837,8/15/2023,8594,No Order Needed
23746838,8/15/2023,19137,No Order Needed
23746839,8/15/2023,27864163,No Order Needed
23746845,8/15/2023,20941,Order Refused
23746853,8/15/2023,27869736,Order Refused
23746854,8/15/2023,27870970,Order Refused
23746855,8/15/2023,27863917,Order Refused
23746877,8/15/2023,27870566,No Order Needed
23746878,8/15/2023,27874330,No Order Needed
23746880,8/15/2023,27874451,No Order Needed
23746887,8/15/2023,27876127,No Order Needed
23746891,8/15/2023,27874029,No Order Needed
23746901,8/15/2023,27871778,No Order Needed
23746905,8/15/2023,27875989,No Order Needed
23746914,8/15/2023,27876252,No Order Needed
23746916,8/15/2023,27871582,No Order Needed
23746917,8/15/2023,27871642,No Order Needed
23746918,8/15/2023,27874696,No Order Needed
23746944,8/15/2023,27868537,No Order Needed
23746976,8/15/2023,27875643,No Order Needed
23746987,8/15/2023,27873885,No Order Needed
23746991,8/15/2023,27869387,No Order Needed
23747000,8/15/2023,7852,Scanner Down
23747002,8/15/2023,27872236,No Order Needed
23747006,8/15/2023,8135,No Order Needed
23752807,8/15/2023,12512,Order Refused
23752812,8/15/2023,23023,Order Refused
23752830,8/15/2023,6290,No Order Needed
23752836,8/15/2023,27876138,No Order Needed
23752843,8/15/2023,7357,No Order Needed
23752898,8/15/2023,27868165,Insufficient Funds
23752936,8/15/2023,26703,Temporarily Closed
23752955,8/15/2023,27872859,No Order Needed
23752956,8/15/2023,27875252,Insufficient Funds
23753032,8/15/2023,27875845,Order Refused
23753044,8/15/2023,278641,Order Refused
23753045,8/15/2023,13461,Order Refused
23753050,8/15/2023,17673,Order Refused
23753052,8/15/2023,21210,Order Refused
23753054,8/15/2023,17166,Order Refused
23755968,8/10/2023,27864566,Order Refused
23756131,8/10/2023,27870677,Order Refused
23756194,8/10/2023,14570,Temporarily Closed
23756353,8/10/2023,27871818,No Order Needed
23756369,8/14/2023,27875554,No Order Needed
23756404,8/10/2023,25486,Order Refused
23756450,8/10/2023,12512,Order Refused
23756456,8/10/2023,27869223,Order Refused
23756462,8/10/2023,13068,Order Refused
23756493,8/10/2023,25431,Order Refused
23757168,8/10/2023,10259,Order Refused
23757223,8/10/2023,24100,Order Refused
23757318,8/10/2023,11732,Order Refused
23757558,8/10/2023,27865239,Order Refused
23761966,8/15/2023,18817,No Order Needed
23780900,8/11/2023,16468,Temporarily Closed
23781684,8/11/2023,27869685,No Order Needed
23781811,8/11/2023,27871818,Mgmt Unavailable
23782148,8/11/2023,27866725,No Order Needed
23783847,8/12/2023,21798,Order Refused
23783995,8/12/2023,27875014,No Order Needed
23784870,8/12/2023,21484,Order Refused
23828340,8/14/2023,27868495,Order Refused
23829113,8/15/2023,27873863,No Order Needed
23832725,8/15/2023,27874168,No Order Needed
23833268,8/15/2023,10932,No Order Needed
23834462,8/15/2023,23644,No Order Needed
23834584,8/15/2023,20076,Order Refused
23834752,8/15/2023,16715,Order Refused
